itemID,date,order
395,2020-06-07,69
395,2020-06-14,56
395,2020-06-21,83
395,2020-06-28,94
395,2020-07-05,95
395,2020-07-12,87
395,2020-07-19,75
395,2020-07-26,76
395,2020-08-02,84
395,2020-08-09,98
395,2020-08-16,93
395,2020-08-23,89
395,2020-08-30,106
395,2020-09-06,82
395,2020-09-13,82
395,2020-09-20,97
395,2020-09-27,83
395,2020-10-04,90
395,2020-10-11,55
395,2020-10-18,83
395,2020-10-25,91
395,2020-11-01,77
395,2020-11-08,50
395,2020-11-15,68
395,2020-11-22,54
395,2020-11-29,85
395,2020-12-06,94
395,2020-12-13,105
395,2020-12-20,116
395,2020-12-27,60
395,2021-01-03,81
395,2021-01-10,83
395,2021-01-17,110
395,2021-01-24,91
395,2021-01-31,49
637,2020-06-07,108
637,2020-06-14,44
637,2020-06-21,68
637,2020-06-28,81
637,2020-07-05,106
637,2020-07-12,76
637,2020-07-19,51
637,2020-07-26,74
637,2020-08-02,75
637,2020-08-09,107
637,2020-08-16,75
637,2020-08-23,80
637,2020-08-30,94
637,2020-09-06,52
637,2020-09-13,72
637,2020-09-20,109
637,2020-09-27,73
637,2020-10-04,118
637,2020-10-11,118
637,2020-10-18,95
637,2020-10-25,126
637,2020-11-01,81
637,2020-11-08,75
637,2020-11-15,149
637,2020-11-22,98
637,2020-11-29,162
637,2020-12-06,166
637,2020-12-13,99
637,2020-12-20,108
637,2020-12-27,67
637,2021-01-03,95
637,2021-01-10,143
637,2021-01-17,133
637,2021-01-24,112
637,2021-01-31,70
1732,2020-06-07,30
1732,2020-06-14,22
1732,2020-06-21,20
1732,2020-06-28,33
1732,2020-07-05,25
1732,2020-07-12,25
1732,2020-07-19,23
1732,2020-07-26,26
1732,2020-08-02,18
1732,2020-08-09,29
1732,2020-08-16,35
1732,2020-08-23,25
1732,2020-08-30,34
1732,2020-09-06,26
1732,2020-09-13,25
1732,2020-09-20,32
1732,2020-09-27,39
1732,2020-10-04,53
1732,2020-10-11,26
1732,2020-10-18,43
1732,2020-10-25,36
1732,2020-11-01,28
1732,2020-11-08,22
1732,2020-11-15,51
1732,2020-11-22,28
1732,2020-11-29,34
1732,2020-12-06,47
1732,2020-12-13,46
1732,2020-12-20,55
1732,2020-12-27,17
1732,2021-01-03,38
1732,2021-01-10,67
1732,2021-01-17,58
1732,2021-01-24,42
1732,2021-01-31,27
1782,2020-06-07,285
1782,2020-06-14,193
1782,2020-06-21,198
1782,2020-06-28,221
1782,2020-07-05,307
1782,2020-07-12,132
1782,2020-07-19,115
1782,2020-07-26,85
1782,2020-08-02,80
1782,2020-08-09,96
1782,2020-08-16,105
1782,2020-08-23,88
1782,2020-08-30,79
1782,2020-09-06,97
1782,2020-09-13,110
1782,2020-09-20,206
1782,2020-09-27,111
1782,2020-10-04,89
1782,2020-10-11,137
1782,2020-10-18,91
1782,2020-10-25,98
1782,2020-11-01,98
1782,2020-11-08,56
1782,2020-11-15,118
1782,2020-11-22,116
1782,2020-11-29,125
1782,2020-12-06,139
1782,2020-12-13,127
1782,2020-12-20,134
1782,2020-12-27,107
1782,2021-01-03,115
1782,2021-01-10,127
1782,2021-01-17,131
1782,2021-01-24,177
1782,2021-01-31,78
1970,2020-06-07,119
1970,2020-06-14,68
1970,2020-06-21,135
1970,2020-06-28,118
1970,2020-07-05,154
1970,2020-07-12,139
1970,2020-07-19,163
1970,2020-07-26,133
1970,2020-08-02,149
1970,2020-08-09,100
1970,2020-08-16,86
1970,2020-08-23,94
1970,2020-08-30,120
1970,2020-09-06,76
1970,2020-09-13,123
1970,2020-09-20,135
1970,2020-09-27,124
1970,2020-10-04,105
1970,2020-10-11,122
1970,2020-10-18,119
1970,2020-10-25,97
1970,2020-11-01,104
1970,2020-11-08,53
1970,2020-11-15,142
1970,2020-11-22,92
1970,2020-11-29,135
1970,2020-12-06,122
1970,2020-12-13,122
1970,2020-12-20,119
1970,2020-12-27,71
1970,2021-01-03,108
1970,2021-01-10,126
1970,2021-01-17,132
1970,2021-01-24,126
1970,2021-01-31,62
2113,2020-06-07,60
2113,2020-06-14,34
2113,2020-06-21,33
2113,2020-06-28,92
2113,2020-07-05,79
2113,2020-07-12,121
2113,2020-07-19,45
2113,2020-07-26,66
2113,2020-08-02,74
2113,2020-08-09,61
2113,2020-08-16,89
2113,2020-08-23,98
2113,2020-08-30,62
2113,2020-09-06,96
2113,2020-09-13,98
2113,2020-09-20,79
2113,2020-09-27,73
2113,2020-10-04,80
2113,2020-10-11,74
2113,2020-10-18,81
2113,2020-10-25,89
2113,2020-11-01,63
2113,2020-11-08,46
2113,2020-11-15,82
2113,2020-11-22,46
2113,2020-11-29,106
2113,2020-12-06,78
2113,2020-12-13,111
2113,2020-12-20,118
2113,2020-12-27,29
2113,2021-01-03,51
2113,2021-01-10,94
2113,2021-01-17,89
2113,2021-01-24,121
2113,2021-01-31,54
2517,2020-06-07,61
2517,2020-06-14,41
2517,2020-06-21,43
2517,2020-06-28,50
2517,2020-07-05,66
2517,2020-07-12,60
2517,2020-07-19,64
2517,2020-07-26,42
2517,2020-08-02,33
2517,2020-08-09,59
2517,2020-08-16,62
2517,2020-08-23,60
2517,2020-08-30,66
2517,2020-09-06,38
2517,2020-09-13,50
2517,2020-09-20,56
2517,2020-09-27,53
2517,2020-10-04,45
2517,2020-10-11,45
2517,2020-10-18,59
2517,2020-10-25,48
2517,2020-11-01,42
2517,2020-11-08,38
2517,2020-11-15,57
2517,2020-11-22,37
2517,2020-11-29,62
2517,2020-12-06,77
2517,2020-12-13,73
2517,2020-12-20,73
2517,2020-12-27,35
2517,2021-01-03,59
2517,2021-01-10,60
2517,2021-01-17,62
2517,2021-01-24,71
2517,2021-01-31,34
2627,2020-06-07,50
2627,2020-06-14,24
2627,2020-06-21,33
2627,2020-06-28,34
2627,2020-07-05,45
2627,2020-07-12,34
2627,2020-07-19,26
2627,2020-07-26,32
2627,2020-08-02,36
2627,2020-08-09,33
2627,2020-08-16,36
2627,2020-08-23,54
2627,2020-08-30,29
2627,2020-09-06,36
2627,2020-09-13,27
2627,2020-09-20,51
2627,2020-09-27,46
2627,2020-10-04,55
2627,2020-10-11,36
2627,2020-10-18,35
2627,2020-10-25,48
2627,2020-11-01,45
2627,2020-11-08,25
2627,2020-11-15,43
2627,2020-11-22,34
2627,2020-11-29,46
2627,2020-12-06,42
2627,2020-12-13,52
2627,2020-12-20,37
2627,2020-12-27,17
2627,2021-01-03,34
2627,2021-01-10,58
2627,2021-01-17,65
2627,2021-01-24,66
2627,2021-01-31,27
2692,2020-06-07,78
2692,2020-06-14,59
2692,2020-06-21,60
2692,2020-06-28,89
2692,2020-07-05,84
2692,2020-07-12,86
2692,2020-07-19,40
2692,2020-07-26,32
2692,2020-08-02,65
2692,2020-08-09,50
2692,2020-08-16,41
2692,2020-08-23,34
2692,2020-08-30,65
2692,2020-09-06,30
2692,2020-09-13,74
2692,2020-09-20,53
2692,2020-09-27,64
2692,2020-10-04,71
2692,2020-10-11,31
2692,2020-10-18,90
2692,2020-10-25,60
2692,2020-11-01,85
2692,2020-11-08,64
2692,2020-11-15,130
2692,2020-11-22,72
2692,2020-11-29,109
2692,2020-12-06,62
2692,2020-12-13,62
2692,2020-12-20,120
2692,2020-12-27,63
2692,2021-01-03,84
2692,2021-01-10,99
2692,2021-01-17,122
2692,2021-01-24,136
2692,2021-01-31,49
2761,2020-06-07,63
2761,2020-06-14,43
2761,2020-06-21,32
2761,2020-06-28,50
2761,2020-07-05,40
2761,2020-07-12,61
2761,2020-07-19,42
2761,2020-07-26,57
2761,2020-08-02,56
2761,2020-08-09,40
2761,2020-08-16,74
2761,2020-08-23,45
2761,2020-08-30,28
2761,2020-09-06,51
2761,2020-09-13,70
2761,2020-09-20,85
2761,2020-09-27,46
2761,2020-10-04,68
2761,2020-10-11,51
2761,2020-10-18,45
2761,2020-10-25,65
2761,2020-11-01,78
2761,2020-11-08,39
2761,2020-11-15,50
2761,2020-11-22,33
2761,2020-11-29,59
2761,2020-12-06,38
2761,2020-12-13,47
2761,2020-12-20,51
2761,2020-12-27,73
2761,2021-01-03,44
2761,2021-01-10,55
2761,2021-01-17,47
2761,2021-01-24,62
2761,2021-01-31,27
2787,2020-06-07,46
2787,2020-06-14,24
2787,2020-06-21,27
2787,2020-06-28,46
2787,2020-07-05,40
2787,2020-07-12,50
2787,2020-07-19,34
2787,2020-07-26,33
2787,2020-08-02,28
2787,2020-08-09,63
2787,2020-08-16,35
2787,2020-08-23,48
2787,2020-08-30,42
2787,2020-09-06,55
2787,2020-09-13,47
2787,2020-09-20,39
2787,2020-09-27,72
2787,2020-10-04,48
2787,2020-10-11,48
2787,2020-10-18,37
2787,2020-10-25,35
2787,2020-11-01,42
2787,2020-11-08,35
2787,2020-11-15,67
2787,2020-11-22,66
2787,2020-11-29,50
2787,2020-12-06,68
2787,2020-12-13,50
2787,2020-12-20,27
2787,2020-12-27,16
2787,2021-01-03,34
2787,2021-01-10,37
2787,2021-01-17,49
2787,2021-01-24,42
2787,2021-01-31,16
3039,2020-06-07,45
3039,2020-06-14,31
3039,2020-06-21,36
3039,2020-06-28,22
3039,2020-07-05,27
3039,2020-07-12,44
3039,2020-07-19,39
3039,2020-07-26,31
3039,2020-08-02,21
3039,2020-08-09,54
3039,2020-08-16,38
3039,2020-08-23,38
3039,2020-08-30,47
3039,2020-09-06,49
3039,2020-09-13,55
3039,2020-09-20,46
3039,2020-09-27,63
3039,2020-10-04,36
3039,2020-10-11,59
3039,2020-10-18,70
3039,2020-10-25,35
3039,2020-11-01,34
3039,2020-11-08,42
3039,2020-11-15,25
3039,2020-11-22,35
3039,2020-11-29,36
3039,2020-12-06,33
3039,2020-12-13,46
3039,2020-12-20,51
3039,2020-12-27,27
3039,2021-01-03,42
3039,2021-01-10,60
3039,2021-01-17,48
3039,2021-01-24,53
3039,2021-01-31,18
3320,2020-06-07,149
3320,2020-06-14,104
3320,2020-06-21,114
3320,2020-06-28,123
3320,2020-07-05,124
3320,2020-07-12,73
3320,2020-07-19,38
3320,2020-07-26,43
3320,2020-08-02,46
3320,2020-08-09,35
3320,2020-08-16,49
3320,2020-08-23,25
3320,2020-08-30,39
3320,2020-09-06,31
3320,2020-09-13,23
3320,2020-09-20,41
3320,2020-09-27,31
3320,2020-10-04,27
3320,2020-10-11,40
3320,2020-10-18,27
3320,2020-10-25,36
3320,2020-11-01,17
3320,2020-11-08,26
3320,2020-11-15,44
3320,2020-11-22,35
3320,2020-11-29,28
3320,2020-12-06,64
3320,2020-12-13,49
3320,2020-12-20,80
3320,2020-12-27,49
3320,2021-01-03,62
3320,2021-01-10,47
3320,2021-01-17,34
3320,2021-01-24,17
3320,2021-01-31,28
4091,2020-06-07,78
4091,2020-06-14,34
4091,2020-06-21,65
4091,2020-06-28,79
4091,2020-07-05,54
4091,2020-07-12,79
4091,2020-07-19,46
4091,2020-07-26,36
4091,2020-08-02,38
4091,2020-08-09,66
4091,2020-08-16,50
4091,2020-08-23,66
4091,2020-08-30,65
4091,2020-09-06,69
4091,2020-09-13,103
4091,2020-09-20,122
4091,2020-09-27,108
4091,2020-10-04,92
4091,2020-10-11,45
4091,2020-10-18,86
4091,2020-10-25,96
4091,2020-11-01,109
4091,2020-11-08,71
4091,2020-11-15,134
4091,2020-11-22,81
4091,2020-11-29,94
4091,2020-12-06,99
4091,2020-12-13,97
4091,2020-12-20,169
4091,2020-12-27,53
4091,2021-01-03,110
4091,2021-01-10,94
4091,2021-01-17,99
4091,2021-01-24,114
4091,2021-01-31,68
4832,2020-06-07,39
4832,2020-06-14,19
4832,2020-06-21,22
4832,2020-06-28,18
4832,2020-07-05,23
4832,2020-07-12,28
4832,2020-07-19,17
4832,2020-07-26,21
4832,2020-08-02,26
4832,2020-08-09,28
4832,2020-08-16,29
4832,2020-08-23,23
4832,2020-08-30,34
4832,2020-09-06,27
4832,2020-09-13,26
4832,2020-09-20,23
4832,2020-09-27,26
4832,2020-10-04,30
4832,2020-10-11,20
4832,2020-10-18,19
4832,2020-10-25,22
4832,2020-11-01,26
4832,2020-11-08,32
4832,2020-11-15,39
4832,2020-11-22,71
4832,2020-11-29,61
4832,2020-12-06,81
4832,2020-12-13,73
4832,2020-12-20,89
4832,2020-12-27,21
4832,2021-01-03,32
4832,2021-01-10,64
4832,2021-01-17,92
4832,2021-01-24,84
4832,2021-01-31,39
5221,2020-06-07,78
5221,2020-06-14,44
5221,2020-06-21,50
5221,2020-06-28,58
5221,2020-07-05,70
5221,2020-07-12,83
5221,2020-07-19,60
5221,2020-07-26,56
5221,2020-08-02,54
5221,2020-08-09,66
5221,2020-08-16,70
5221,2020-08-23,55
5221,2020-08-30,67
5221,2020-09-06,52
5221,2020-09-13,55
5221,2020-09-20,42
5221,2020-09-27,67
5221,2020-10-04,64
5221,2020-10-11,81
5221,2020-10-18,100
5221,2020-10-25,77
5221,2020-11-01,59
5221,2020-11-08,50
5221,2020-11-15,64
5221,2020-11-22,64
5221,2020-11-29,77
5221,2020-12-06,94
5221,2020-12-13,64
5221,2020-12-20,87
5221,2020-12-27,51
5221,2021-01-03,71
5221,2021-01-10,93
5221,2021-01-17,94
5221,2021-01-24,107
5221,2021-01-31,61
6112,2020-06-07,51
6112,2020-06-14,58
6112,2020-06-21,47
6112,2020-06-28,44
6112,2020-07-05,54
6112,2020-07-12,51
6112,2020-07-19,38
6112,2020-07-26,61
6112,2020-08-02,43
6112,2020-08-09,35
6112,2020-08-16,53
6112,2020-08-23,34
6112,2020-08-30,55
6112,2020-09-06,43
6112,2020-09-13,21
6112,2020-09-20,33
6112,2020-09-27,31
6112,2020-10-04,44
6112,2020-10-11,50
6112,2020-10-18,35
6112,2020-10-25,38
6112,2020-11-01,31
6112,2020-11-08,22
6112,2020-11-15,26
6112,2020-11-22,31
6112,2020-11-29,46
6112,2020-12-06,31
6112,2020-12-13,24
6112,2020-12-20,49
6112,2020-12-27,21
6112,2021-01-03,32
6112,2021-01-10,35
6112,2021-01-17,42
6112,2021-01-24,37
6112,2021-01-31,21
6923,2020-06-07,44
6923,2020-06-14,58
6923,2020-06-21,46
6923,2020-06-28,38
6923,2020-07-05,64
6923,2020-07-12,46
6923,2020-07-19,29
6923,2020-07-26,48
6923,2020-08-02,49
6923,2020-08-09,64
6923,2020-08-16,68
6923,2020-08-23,46
6923,2020-08-30,74
6923,2020-09-06,73
6923,2020-09-13,52
6923,2020-09-20,52
6923,2020-09-27,51
6923,2020-10-04,67
6923,2020-10-11,63
6923,2020-10-18,61
6923,2020-10-25,34
6923,2020-11-01,35
6923,2020-11-08,36
6923,2020-11-15,66
6923,2020-11-22,38
6923,2020-11-29,63
6923,2020-12-06,67
6923,2020-12-13,57
6923,2020-12-20,56
6923,2020-12-27,24
6923,2021-01-03,79
6923,2021-01-10,79
6923,2021-01-17,67
6923,2021-01-24,78
6923,2021-01-31,42
8705,2020-06-07,42
8705,2020-06-14,33
8705,2020-06-21,36
8705,2020-06-28,39
8705,2020-07-05,42
8705,2020-07-12,39
8705,2020-07-19,45
8705,2020-07-26,38
8705,2020-08-02,46
8705,2020-08-09,40
8705,2020-08-16,37
8705,2020-08-23,40
8705,2020-08-30,44
8705,2020-09-06,34
8705,2020-09-13,34
8705,2020-09-20,44
8705,2020-09-27,36
8705,2020-10-04,47
8705,2020-10-11,29
8705,2020-10-18,41
8705,2020-10-25,36
8705,2020-11-01,27
8705,2020-11-08,36
8705,2020-11-15,39
8705,2020-11-22,38
8705,2020-11-29,38
8705,2020-12-06,45
8705,2020-12-13,47
8705,2020-12-20,47
8705,2020-12-27,16
8705,2021-01-03,30
8705,2021-01-10,45
8705,2021-01-17,60
8705,2021-01-24,66
8705,2021-01-31,27
10961,2020-06-07,45
10961,2020-06-14,24
10961,2020-06-21,20
10961,2020-06-28,27
10961,2020-07-05,27
10961,2020-07-12,33
10961,2020-07-19,34
10961,2020-07-26,29
10961,2020-08-02,32
10961,2020-08-09,32
10961,2020-08-16,30
10961,2020-08-23,26
10961,2020-08-30,41
10961,2020-09-06,29
10961,2020-09-13,25
10961,2020-09-20,18
10961,2020-09-27,40
10961,2020-10-04,35
10961,2020-10-11,18
10961,2020-10-18,53
10961,2020-10-25,37
10961,2020-11-01,23
10961,2020-11-08,19
10961,2020-11-15,23
10961,2020-11-22,22
10961,2020-11-29,40
10961,2020-12-06,42
10961,2020-12-13,51
10961,2020-12-20,40
10961,2020-12-27,22
10961,2021-01-03,43
10961,2021-01-10,33
10961,2021-01-17,35
10961,2021-01-24,29
10961,2021-01-31,16
11188,2020-06-07,137
11188,2020-06-14,75
11188,2020-06-21,107
11188,2020-06-28,126
11188,2020-07-05,130
11188,2020-07-12,116
11188,2020-07-19,111
11188,2020-07-26,130
11188,2020-08-02,143
11188,2020-08-09,163
11188,2020-08-16,163
11188,2020-08-23,109
11188,2020-08-30,117
11188,2020-09-06,60
11188,2020-09-13,74
11188,2020-09-20,110
11188,2020-09-27,90
11188,2020-10-04,77
11188,2020-10-11,64
11188,2020-10-18,60
11188,2020-10-25,86
11188,2020-11-01,59
11188,2020-11-08,68
11188,2020-11-15,128
11188,2020-11-22,70
11188,2020-11-29,136
11188,2020-12-06,97
11188,2020-12-13,53
11188,2020-12-20,59
11188,2020-12-27,39
11188,2021-01-03,61
11188,2021-01-10,53
11188,2021-01-17,68
11188,2021-01-24,68
11188,2021-01-31,32
11199,2020-06-07,107
11199,2020-06-14,40
11199,2020-06-21,76
11199,2020-06-28,97
11199,2020-07-05,123
11199,2020-07-12,84
11199,2020-07-19,73
11199,2020-07-26,65
11199,2020-08-02,70
11199,2020-08-09,68
11199,2020-08-16,65
11199,2020-08-23,50
11199,2020-08-30,77
11199,2020-09-06,54
11199,2020-09-13,73
11199,2020-09-20,62
11199,2020-09-27,66
11199,2020-10-04,105
11199,2020-10-11,63
11199,2020-10-18,82
11199,2020-10-25,66
11199,2020-11-01,65
11199,2020-11-08,31
11199,2020-11-15,86
11199,2020-11-22,59
11199,2020-11-29,76
11199,2020-12-06,77
11199,2020-12-13,87
11199,2020-12-20,87
11199,2020-12-27,64
11199,2021-01-03,92
11199,2021-01-10,67
11199,2021-01-17,73
11199,2021-01-24,77
11199,2021-01-31,53
11251,2020-06-07,286
11251,2020-06-14,188
11251,2020-06-21,179
11251,2020-06-28,236
11251,2020-07-05,283
11251,2020-07-12,260
11251,2020-07-19,212
11251,2020-07-26,227
11251,2020-08-02,172
11251,2020-08-09,234
11251,2020-08-16,176
11251,2020-08-23,205
11251,2020-08-30,235
11251,2020-09-06,332
11251,2020-09-13,317
11251,2020-09-20,229
11251,2020-09-27,296
11251,2020-10-04,302
11251,2020-10-11,235
11251,2020-10-18,324
11251,2020-10-25,299
11251,2020-11-01,276
11251,2020-11-08,220
11251,2020-11-15,396
11251,2020-11-22,286
11251,2020-11-29,344
11251,2020-12-06,381
11251,2020-12-13,344
11251,2020-12-20,383
11251,2020-12-27,177
11251,2021-01-03,243
11251,2021-01-10,307
11251,2021-01-17,342
11251,2021-01-24,340
11251,2021-01-31,144
12528,2020-06-07,91
12528,2020-06-14,45
12528,2020-06-21,58
12528,2020-06-28,48
12528,2020-07-05,81
12528,2020-07-12,68
12528,2020-07-19,56
12528,2020-07-26,50
12528,2020-08-02,51
12528,2020-08-09,64
12528,2020-08-16,58
12528,2020-08-23,77
12528,2020-08-30,51
12528,2020-09-06,66
12528,2020-09-13,79
12528,2020-09-20,64
12528,2020-09-27,75
12528,2020-10-04,84
12528,2020-10-11,59
12528,2020-10-18,59
12528,2020-10-25,64
12528,2020-11-01,54
12528,2020-11-08,53
12528,2020-11-15,98
12528,2020-11-22,51
12528,2020-11-29,66
12528,2020-12-06,75
12528,2020-12-13,66
12528,2020-12-20,97
12528,2020-12-27,33
12528,2021-01-03,52
12528,2021-01-10,96
12528,2021-01-17,69
12528,2021-01-24,83
12528,2021-01-31,29
12773,2020-06-07,44
12773,2020-06-14,28
12773,2020-06-21,24
12773,2020-06-28,17
12773,2020-07-05,35
12773,2020-07-12,53
12773,2020-07-19,19
12773,2020-07-26,24
12773,2020-08-02,25
12773,2020-08-09,24
12773,2020-08-16,25
12773,2020-08-23,32
12773,2020-08-30,69
12773,2020-09-06,20
12773,2020-09-13,29
12773,2020-09-20,16
12773,2020-09-27,40
12773,2020-10-04,48
12773,2020-10-11,20
12773,2020-10-18,31
12773,2020-10-25,51
12773,2020-11-01,53
12773,2020-11-08,39
12773,2020-11-15,66
12773,2020-11-22,60
12773,2020-11-29,67
12773,2020-12-06,52
12773,2020-12-13,61
12773,2020-12-20,45
12773,2020-12-27,43
12773,2021-01-03,37
12773,2021-01-10,49
12773,2021-01-17,81
12773,2021-01-24,30
12773,2021-01-31,18
12964,2020-06-07,62
12964,2020-06-14,45
12964,2020-06-21,62
12964,2020-06-28,81
12964,2020-07-05,52
12964,2020-07-12,30
12964,2020-07-19,70
12964,2020-07-26,58
12964,2020-08-02,64
12964,2020-08-09,47
12964,2020-08-16,68
12964,2020-08-23,47
12964,2020-08-30,60
12964,2020-09-06,36
12964,2020-09-13,39
12964,2020-09-20,63
12964,2020-09-27,46
12964,2020-10-04,51
12964,2020-10-11,32
12964,2020-10-18,26
12964,2020-10-25,44
12964,2020-11-01,35
12964,2020-11-08,39
12964,2020-11-15,52
12964,2020-11-22,36
12964,2020-11-29,36
12964,2020-12-06,42
12964,2020-12-13,40
12964,2020-12-20,34
12964,2020-12-27,25
12964,2021-01-03,31
12964,2021-01-10,50
12964,2021-01-17,46
12964,2021-01-24,53
12964,2021-01-31,23
13027,2020-06-07,54
13027,2020-06-14,43
13027,2020-06-21,34
13027,2020-06-28,49
13027,2020-07-05,63
13027,2020-07-12,47
13027,2020-07-19,31
13027,2020-07-26,47
13027,2020-08-02,39
13027,2020-08-09,45
13027,2020-08-16,46
13027,2020-08-23,38
13027,2020-08-30,65
13027,2020-09-06,38
13027,2020-09-13,43
13027,2020-09-20,52
13027,2020-09-27,51
13027,2020-10-04,57
13027,2020-10-11,61
13027,2020-10-18,59
13027,2020-10-25,57
13027,2020-11-01,62
13027,2020-11-08,49
13027,2020-11-15,77
13027,2020-11-22,52
13027,2020-11-29,91
13027,2020-12-06,55
13027,2020-12-13,87
13027,2020-12-20,67
13027,2020-12-27,44
13027,2021-01-03,63
13027,2021-01-10,84
13027,2021-01-17,77
13027,2021-01-24,69
13027,2021-01-31,31
13459,2020-06-07,41
13459,2020-06-14,20
13459,2020-06-21,41
13459,2020-06-28,28
13459,2020-07-05,40
13459,2020-07-12,39
13459,2020-07-19,38
13459,2020-07-26,29
13459,2020-08-02,33
13459,2020-08-09,42
13459,2020-08-16,40
13459,2020-08-23,37
13459,2020-08-30,53
13459,2020-09-06,21
13459,2020-09-13,42
13459,2020-09-20,46
13459,2020-09-27,52
13459,2020-10-04,57
13459,2020-10-11,48
13459,2020-10-18,54
13459,2020-10-25,60
13459,2020-11-01,40
13459,2020-11-08,26
13459,2020-11-15,66
13459,2020-11-22,38
13459,2020-11-29,43
13459,2020-12-06,53
13459,2020-12-13,65
13459,2020-12-20,56
13459,2020-12-27,22
13459,2021-01-03,40
13459,2021-01-10,58
13459,2021-01-17,62
13459,2021-01-24,76
13459,2021-01-31,25
13675,2020-06-07,46
13675,2020-06-14,17
13675,2020-06-21,35
13675,2020-06-28,43
13675,2020-07-05,48
13675,2020-07-12,41
13675,2020-07-19,38
13675,2020-07-26,49
13675,2020-08-02,33
13675,2020-08-09,36
13675,2020-08-16,45
13675,2020-08-23,34
13675,2020-08-30,40
13675,2020-09-06,28
13675,2020-09-13,41
13675,2020-09-20,45
13675,2020-09-27,57
13675,2020-10-04,52
13675,2020-10-11,26
13675,2020-10-18,34
13675,2020-10-25,49
13675,2020-11-01,34
13675,2020-11-08,36
13675,2020-11-15,59
13675,2020-11-22,35
13675,2020-11-29,55
13675,2020-12-06,56
13675,2020-12-13,54
13675,2020-12-20,71
13675,2020-12-27,25
13675,2021-01-03,33
13675,2021-01-10,48
13675,2021-01-17,55
13675,2021-01-24,44
13675,2021-01-31,20
13676,2020-06-07,30
13676,2020-06-14,25
13676,2020-06-21,23
13676,2020-06-28,36
13676,2020-07-05,40
13676,2020-07-12,33
13676,2020-07-19,26
13676,2020-07-26,33
13676,2020-08-02,21
13676,2020-08-09,42
13676,2020-08-16,43
13676,2020-08-23,34
13676,2020-08-30,53
13676,2020-09-06,37
13676,2020-09-13,39
13676,2020-09-20,49
13676,2020-09-27,25
13676,2020-10-04,46
13676,2020-10-11,45
13676,2020-10-18,42
13676,2020-10-25,43
13676,2020-11-01,32
13676,2020-11-08,28
13676,2020-11-15,53
13676,2020-11-22,32
13676,2020-11-29,57
13676,2020-12-06,49
13676,2020-12-13,48
13676,2020-12-20,50
13676,2020-12-27,34
13676,2021-01-03,48
13676,2021-01-10,49
13676,2021-01-17,49
13676,2021-01-24,40
13676,2021-01-31,22
14005,2020-06-07,44
14005,2020-06-14,19
14005,2020-06-21,43
14005,2020-06-28,45
14005,2020-07-05,41
14005,2020-07-12,27
14005,2020-07-19,42
14005,2020-07-26,25
14005,2020-08-02,41
14005,2020-08-09,16
14005,2020-08-16,28
14005,2020-08-23,34
14005,2020-08-30,47
14005,2020-09-06,32
14005,2020-09-13,30
14005,2020-09-20,31
14005,2020-09-27,34
14005,2020-10-04,52
14005,2020-10-11,25
14005,2020-10-18,39
14005,2020-10-25,29
14005,2020-11-01,31
14005,2020-11-08,24
14005,2020-11-15,39
14005,2020-11-22,52
14005,2020-11-29,27
14005,2020-12-06,56
14005,2020-12-13,36
14005,2020-12-20,52
14005,2020-12-27,25
14005,2021-01-03,33
14005,2021-01-10,51
14005,2021-01-17,42
14005,2021-01-24,41
14005,2021-01-31,20
14815,2020-06-07,68
14815,2020-06-14,62
14815,2020-06-21,61
14815,2020-06-28,53
14815,2020-07-05,66
14815,2020-07-12,57
14815,2020-07-19,101
14815,2020-07-26,43
14815,2020-08-02,51
14815,2020-08-09,80
14815,2020-08-16,75
14815,2020-08-23,96
14815,2020-08-30,75
14815,2020-09-06,67
14815,2020-09-13,59
14815,2020-09-20,90
14815,2020-09-27,66
14815,2020-10-04,62
14815,2020-10-11,140
14815,2020-10-18,80
14815,2020-10-25,91
14815,2020-11-01,58
14815,2020-11-08,35
14815,2020-11-15,79
14815,2020-11-22,117
14815,2020-11-29,81
14815,2020-12-06,121
14815,2020-12-13,118
14815,2020-12-20,82
14815,2020-12-27,64
14815,2021-01-03,86
14815,2021-01-10,97
14815,2021-01-17,54
14815,2021-01-24,71
14815,2021-01-31,74
16059,2020-06-07,145
16059,2020-06-14,114
16059,2020-06-21,102
16059,2020-06-28,149
16059,2020-07-05,164
16059,2020-07-12,152
16059,2020-07-19,116
16059,2020-07-26,107
16059,2020-08-02,128
16059,2020-08-09,117
16059,2020-08-16,126
16059,2020-08-23,131
16059,2020-08-30,125
16059,2020-09-06,108
16059,2020-09-13,124
16059,2020-09-20,137
16059,2020-09-27,126
16059,2020-10-04,164
16059,2020-10-11,138
16059,2020-10-18,157
16059,2020-10-25,135
16059,2020-11-01,136
16059,2020-11-08,102
16059,2020-11-15,198
16059,2020-11-22,159
16059,2020-11-29,180
16059,2020-12-06,203
16059,2020-12-13,201
16059,2020-12-20,174
16059,2020-12-27,107
16059,2021-01-03,176
16059,2021-01-10,192
16059,2021-01-17,191
16059,2021-01-24,221
16059,2021-01-31,115
16162,2020-06-07,37
16162,2020-06-14,16
16162,2020-06-21,26
16162,2020-06-28,36
16162,2020-07-05,44
16162,2020-07-12,27
16162,2020-07-19,26
16162,2020-07-26,32
16162,2020-08-02,20
16162,2020-08-09,33
16162,2020-08-16,24
16162,2020-08-23,28
16162,2020-08-30,33
16162,2020-09-06,25
16162,2020-09-13,25
16162,2020-09-20,32
16162,2020-09-27,35
16162,2020-10-04,29
16162,2020-10-11,29
16162,2020-10-18,32
16162,2020-10-25,33
16162,2020-11-01,23
16162,2020-11-08,41
16162,2020-11-15,31
16162,2020-11-22,31
16162,2020-11-29,36
16162,2020-12-06,35
16162,2020-12-13,39
16162,2020-12-20,38
16162,2020-12-27,20
16162,2021-01-03,27
16162,2021-01-10,31
16162,2021-01-17,40
16162,2021-01-24,39
16162,2021-01-31,21
16972,2020-06-07,55
16972,2020-06-14,54
16972,2020-06-21,55
16972,2020-06-28,49
16972,2020-07-05,44
16972,2020-07-12,58
16972,2020-07-19,44
16972,2020-07-26,60
16972,2020-08-02,48
16972,2020-08-09,56
16972,2020-08-16,59
16972,2020-08-23,44
16972,2020-08-30,62
16972,2020-09-06,62
16972,2020-09-13,70
16972,2020-09-20,52
16972,2020-09-27,56
16972,2020-10-04,105
16972,2020-10-11,116
16972,2020-10-18,151
16972,2020-10-25,93
16972,2020-11-01,66
16972,2020-11-08,49
16972,2020-11-15,68
16972,2020-11-22,39
16972,2020-11-29,69
16972,2020-12-06,81
16972,2020-12-13,64
16972,2020-12-20,70
16972,2020-12-27,16
16972,2021-01-03,56
16972,2021-01-10,20
16972,2021-01-17,75
16972,2021-01-24,62
16972,2021-01-31,30
17089,2020-06-07,55
17089,2020-06-14,56
17089,2020-06-21,44
17089,2020-06-28,44
17089,2020-07-05,59
17089,2020-07-12,60
17089,2020-07-19,66
17089,2020-07-26,35
17089,2020-08-02,48
17089,2020-08-09,68
17089,2020-08-16,60
17089,2020-08-23,55
17089,2020-08-30,65
17089,2020-09-06,54
17089,2020-09-13,44
17089,2020-09-20,57
17089,2020-09-27,55
17089,2020-10-04,63
17089,2020-10-11,53
17089,2020-10-18,49
17089,2020-10-25,55
17089,2020-11-01,57
17089,2020-11-08,35
17089,2020-11-15,67
17089,2020-11-22,42
17089,2020-11-29,66
17089,2020-12-06,59
17089,2020-12-13,62
17089,2020-12-20,76
17089,2020-12-27,38
17089,2021-01-03,74
17089,2021-01-10,74
17089,2021-01-17,74
17089,2021-01-24,84
17089,2021-01-31,27
17419,2020-06-07,138
17419,2020-06-14,72
17419,2020-06-21,104
17419,2020-06-28,96
17419,2020-07-05,116
17419,2020-07-12,111
17419,2020-07-19,83
17419,2020-07-26,91
17419,2020-08-02,88
17419,2020-08-09,98
17419,2020-08-16,93
17419,2020-08-23,72
17419,2020-08-30,112
17419,2020-09-06,73
17419,2020-09-13,75
17419,2020-09-20,107
17419,2020-09-27,86
17419,2020-10-04,104
17419,2020-10-11,91
17419,2020-10-18,105
17419,2020-10-25,106
17419,2020-11-01,95
17419,2020-11-08,68
17419,2020-11-15,109
17419,2020-11-22,110
17419,2020-11-29,128
17419,2020-12-06,97
17419,2020-12-13,92
17419,2020-12-20,110
17419,2020-12-27,82
17419,2021-01-03,73
17419,2021-01-10,119
17419,2021-01-17,132
17419,2021-01-24,140
17419,2021-01-31,57
18630,2020-06-07,395
18630,2020-06-14,259
18630,2020-06-21,344
18630,2020-06-28,400
18630,2020-07-05,443
18630,2020-07-12,449
18630,2020-07-19,388
18630,2020-07-26,329
18630,2020-08-02,329
18630,2020-08-09,325
18630,2020-08-16,308
18630,2020-08-23,302
18630,2020-08-30,343
18630,2020-09-06,336
18630,2020-09-13,383
18630,2020-09-20,369
18630,2020-09-27,356
18630,2020-10-04,368
18630,2020-10-11,267
18630,2020-10-18,300
18630,2020-10-25,303
18630,2020-11-01,299
18630,2020-11-08,241
18630,2020-11-15,345
18630,2020-11-22,296
18630,2020-11-29,432
18630,2020-12-06,377
18630,2020-12-13,340
18630,2020-12-20,440
18630,2020-12-27,197
18630,2021-01-03,274
18630,2021-01-10,370
18630,2021-01-17,303
18630,2021-01-24,345
18630,2021-01-31,149
18796,2020-06-07,37
18796,2020-06-14,22
18796,2020-06-21,30
18796,2020-06-28,35
18796,2020-07-05,40
18796,2020-07-12,37
18796,2020-07-19,57
18796,2020-07-26,25
18796,2020-08-02,38
18796,2020-08-09,45
18796,2020-08-16,42
18796,2020-08-23,32
18796,2020-08-30,54
18796,2020-09-06,39
18796,2020-09-13,40
18796,2020-09-20,57
18796,2020-09-27,37
18796,2020-10-04,51
18796,2020-10-11,42
18796,2020-10-18,37
18796,2020-10-25,31
18796,2020-11-01,45
18796,2020-11-08,25
18796,2020-11-15,53
18796,2020-11-22,19
18796,2020-11-29,53
18796,2020-12-06,64
18796,2020-12-13,63
18796,2020-12-20,45
18796,2020-12-27,17
18796,2021-01-03,69
18796,2021-01-10,47
18796,2021-01-17,41
18796,2021-01-24,66
18796,2021-01-31,27
18954,2020-06-07,28
18954,2020-06-14,20
18954,2020-06-21,47
18954,2020-06-28,50
18954,2020-07-05,54
18954,2020-07-12,40
18954,2020-07-19,40
18954,2020-07-26,57
18954,2020-08-02,31
18954,2020-08-09,46
18954,2020-08-16,46
18954,2020-08-23,54
18954,2020-08-30,64
18954,2020-09-06,53
18954,2020-09-13,49
18954,2020-09-20,57
18954,2020-09-27,53
18954,2020-10-04,63
18954,2020-10-11,64
18954,2020-10-18,47
18954,2020-10-25,49
18954,2020-11-01,34
18954,2020-11-08,39
18954,2020-11-15,39
18954,2020-11-22,45
18954,2020-11-29,38
18954,2020-12-06,46
18954,2020-12-13,63
18954,2020-12-20,51
18954,2020-12-27,19
18954,2021-01-03,47
18954,2021-01-10,54
18954,2021-01-17,48
18954,2021-01-24,50
18954,2021-01-31,19
19267,2020-06-07,122
19267,2020-06-14,97
19267,2020-06-21,139
19267,2020-06-28,144
19267,2020-07-05,155
19267,2020-07-12,145
19267,2020-07-19,114
19267,2020-07-26,94
19267,2020-08-02,104
19267,2020-08-09,114
19267,2020-08-16,111
19267,2020-08-23,107
19267,2020-08-30,121
19267,2020-09-06,127
19267,2020-09-13,105
19267,2020-09-20,107
19267,2020-09-27,126
19267,2020-10-04,124
19267,2020-10-11,142
19267,2020-10-18,171
19267,2020-10-25,194
19267,2020-11-01,160
19267,2020-11-08,128
19267,2020-11-15,154
19267,2020-11-22,136
19267,2020-11-29,180
19267,2020-12-06,185
19267,2020-12-13,211
19267,2020-12-20,199
19267,2020-12-27,97
19267,2021-01-03,158
19267,2021-01-10,150
19267,2021-01-17,148
19267,2021-01-24,203
19267,2021-01-31,81
19281,2020-06-07,72
19281,2020-06-14,70
19281,2020-06-21,153
19281,2020-06-28,108
19281,2020-07-05,96
19281,2020-07-12,112
19281,2020-07-19,99
19281,2020-07-26,92
19281,2020-08-02,108
19281,2020-08-09,78
19281,2020-08-16,117
19281,2020-08-23,109
19281,2020-08-30,120
19281,2020-09-06,84
19281,2020-09-13,132
19281,2020-09-20,150
19281,2020-09-27,99
19281,2020-10-04,120
19281,2020-10-11,91
19281,2020-10-18,128
19281,2020-10-25,137
19281,2020-11-01,118
19281,2020-11-08,59
19281,2020-11-15,93
19281,2020-11-22,56
19281,2020-11-29,116
19281,2020-12-06,146
19281,2020-12-13,148
19281,2020-12-20,145
19281,2020-12-27,115
19281,2021-01-03,122
19281,2021-01-10,147
19281,2021-01-17,150
19281,2021-01-24,125
19281,2021-01-31,62
19768,2020-06-07,51
19768,2020-06-14,44
19768,2020-06-21,48
19768,2020-06-28,67
19768,2020-07-05,66
19768,2020-07-12,36
19768,2020-07-19,38
19768,2020-07-26,45
19768,2020-08-02,52
19768,2020-08-09,65
19768,2020-08-16,81
19768,2020-08-23,50
19768,2020-08-30,80
19768,2020-09-06,52
19768,2020-09-13,48
19768,2020-09-20,56
19768,2020-09-27,56
19768,2020-10-04,57
19768,2020-10-11,45
19768,2020-10-18,55
19768,2020-10-25,53
19768,2020-11-01,41
19768,2020-11-08,43
19768,2020-11-15,42
19768,2020-11-22,47
19768,2020-11-29,84
19768,2020-12-06,59
19768,2020-12-13,70
19768,2020-12-20,55
19768,2020-12-27,35
19768,2021-01-03,49
19768,2021-01-10,63
19768,2021-01-17,57
19768,2021-01-24,60
19768,2021-01-31,20
19976,2020-06-07,53
19976,2020-06-14,38
19976,2020-06-21,48
19976,2020-06-28,27
19976,2020-07-05,81
19976,2020-07-12,54
19976,2020-07-19,24
19976,2020-07-26,22
19976,2020-08-02,42
19976,2020-08-09,38
19976,2020-08-16,36
19976,2020-08-23,57
19976,2020-08-30,42
19976,2020-09-06,48
19976,2020-09-13,49
19976,2020-09-20,69
19976,2020-09-27,69
19976,2020-10-04,54
19976,2020-10-11,45
19976,2020-10-18,35
19976,2020-10-25,41
19976,2020-11-01,30
19976,2020-11-08,37
19976,2020-11-15,61
19976,2020-11-22,35
19976,2020-11-29,55
19976,2020-12-06,37
19976,2020-12-13,51
19976,2020-12-20,35
19976,2020-12-27,36
19976,2021-01-03,57
19976,2021-01-10,43
19976,2021-01-17,50
19976,2021-01-24,27
19976,2021-01-31,24
20131,2020-06-07,359
20131,2020-06-14,254
20131,2020-06-21,336
20131,2020-06-28,314
20131,2020-07-05,387
20131,2020-07-12,247
20131,2020-07-19,241
20131,2020-07-26,189
20131,2020-08-02,178
20131,2020-08-09,201
20131,2020-08-16,110
20131,2020-08-23,117
20131,2020-08-30,97
20131,2020-09-06,156
20131,2020-09-13,229
20131,2020-09-20,241
20131,2020-09-27,226
20131,2020-10-04,275
20131,2020-10-11,211
20131,2020-10-18,269
20131,2020-10-25,251
20131,2020-11-01,183
20131,2020-11-08,177
20131,2020-11-15,308
20131,2020-11-22,246
20131,2020-11-29,338
20131,2020-12-06,300
20131,2020-12-13,312
20131,2020-12-20,249
20131,2020-12-27,138
20131,2021-01-03,150
20131,2021-01-10,257
20131,2021-01-17,122
20131,2021-01-24,150
20131,2021-01-31,109
20150,2020-06-07,69
20150,2020-06-14,49
20150,2020-06-21,64
20150,2020-06-28,69
20150,2020-07-05,96
20150,2020-07-12,45
20150,2020-07-19,25
20150,2020-07-26,74
20150,2020-08-02,49
20150,2020-08-09,76
20150,2020-08-16,66
20150,2020-08-23,98
20150,2020-08-30,64
20150,2020-09-06,54
20150,2020-09-13,97
20150,2020-09-20,106
20150,2020-09-27,87
20150,2020-10-04,126
20150,2020-10-11,84
20150,2020-10-18,111
20150,2020-10-25,79
20150,2020-11-01,85
20150,2020-11-08,68
20150,2020-11-15,71
20150,2020-11-22,84
20150,2020-11-29,98
20150,2020-12-06,109
20150,2020-12-13,155
20150,2020-12-20,120
20150,2020-12-27,58
20150,2021-01-03,116
20150,2021-01-10,129
20150,2021-01-17,93
20150,2021-01-24,159
20150,2021-01-31,45
20209,2020-06-07,47
20209,2020-06-14,18
20209,2020-06-21,33
20209,2020-06-28,38
20209,2020-07-05,28
20209,2020-07-12,45
20209,2020-07-19,44
20209,2020-07-26,41
20209,2020-08-02,21
20209,2020-08-09,37
20209,2020-08-16,30
20209,2020-08-23,25
20209,2020-08-30,47
20209,2020-09-06,40
20209,2020-09-13,43
20209,2020-09-20,39
20209,2020-09-27,44
20209,2020-10-04,36
20209,2020-10-11,35
20209,2020-10-18,44
20209,2020-10-25,34
20209,2020-11-01,39
20209,2020-11-08,26
20209,2020-11-15,63
20209,2020-11-22,31
20209,2020-11-29,58
20209,2020-12-06,62
20209,2020-12-13,44
20209,2020-12-20,44
20209,2020-12-27,34
20209,2021-01-03,43
20209,2021-01-10,51
20209,2021-01-17,50
20209,2021-01-24,40
20209,2021-01-31,22
20478,2020-06-07,75
20478,2020-06-14,42
20478,2020-06-21,49
20478,2020-06-28,50
20478,2020-07-05,57
20478,2020-07-12,95
20478,2020-07-19,76
20478,2020-07-26,72
20478,2020-08-02,84
20478,2020-08-09,89
20478,2020-08-16,87
20478,2020-08-23,84
20478,2020-08-30,96
20478,2020-09-06,92
20478,2020-09-13,99
20478,2020-09-20,112
20478,2020-09-27,72
20478,2020-10-04,85
20478,2020-10-11,67
20478,2020-10-18,95
20478,2020-10-25,87
20478,2020-11-01,50
20478,2020-11-08,52
20478,2020-11-15,73
20478,2020-11-22,64
20478,2020-11-29,49
20478,2020-12-06,66
20478,2020-12-13,66
20478,2020-12-20,93
20478,2020-12-27,39
20478,2021-01-03,83
20478,2021-01-10,98
20478,2021-01-17,79
20478,2021-01-24,89
20478,2021-01-31,52
21146,2020-06-07,55
21146,2020-06-14,53
21146,2020-06-21,35
21146,2020-06-28,66
21146,2020-07-05,61
21146,2020-07-12,73
21146,2020-07-19,47
21146,2020-07-26,61
21146,2020-08-02,43
21146,2020-08-09,66
21146,2020-08-16,71
21146,2020-08-23,54
21146,2020-08-30,80
21146,2020-09-06,60
21146,2020-09-13,64
21146,2020-09-20,71
21146,2020-09-27,64
21146,2020-10-04,85
21146,2020-10-11,55
21146,2020-10-18,36
21146,2020-10-25,49
21146,2020-11-01,62
21146,2020-11-08,47
21146,2020-11-15,69
21146,2020-11-22,45
21146,2020-11-29,49
21146,2020-12-06,60
21146,2020-12-13,69
21146,2020-12-20,51
21146,2020-12-27,33
21146,2021-01-03,64
21146,2021-01-10,54
21146,2021-01-17,76
21146,2021-01-24,73
21146,2021-01-31,21
21163,2020-06-07,32
21163,2020-06-14,28
21163,2020-06-21,18
21163,2020-06-28,22
21163,2020-07-05,42
21163,2020-07-12,35
21163,2020-07-19,26
21163,2020-07-26,26
21163,2020-08-02,33
21163,2020-08-09,41
21163,2020-08-16,38
21163,2020-08-23,22
21163,2020-08-30,33
21163,2020-09-06,28
21163,2020-09-13,44
21163,2020-09-20,42
21163,2020-09-27,33
21163,2020-10-04,36
21163,2020-10-11,36
21163,2020-10-18,52
21163,2020-10-25,45
21163,2020-11-01,42
21163,2020-11-08,21
21163,2020-11-15,51
21163,2020-11-22,34
21163,2020-11-29,73
21163,2020-12-06,88
21163,2020-12-13,60
21163,2020-12-20,51
21163,2020-12-27,27
21163,2021-01-03,52
21163,2021-01-10,63
21163,2021-01-17,43
21163,2021-01-24,82
21163,2021-01-31,20
21690,2020-06-07,68
21690,2020-06-14,46
21690,2020-06-21,46
21690,2020-06-28,54
21690,2020-07-05,102
21690,2020-07-12,94
21690,2020-07-19,61
21690,2020-07-26,50
21690,2020-08-02,87
21690,2020-08-09,87
21690,2020-08-16,73
21690,2020-08-23,68
21690,2020-08-30,106
21690,2020-09-06,92
21690,2020-09-13,66
21690,2020-09-20,85
21690,2020-09-27,82
21690,2020-10-04,105
21690,2020-10-11,71
21690,2020-10-18,93
21690,2020-10-25,80
21690,2020-11-01,66
21690,2020-11-08,73
21690,2020-11-15,86
21690,2020-11-22,60
21690,2020-11-29,93
21690,2020-12-06,105
21690,2020-12-13,89
21690,2020-12-20,113
21690,2020-12-27,63
21690,2021-01-03,77
21690,2021-01-10,123
21690,2021-01-17,121
21690,2021-01-24,118
21690,2021-01-31,51
22963,2020-06-07,55
22963,2020-06-14,32
22963,2020-06-21,23
22963,2020-06-28,28
22963,2020-07-05,38
22963,2020-07-12,34
22963,2020-07-19,38
22963,2020-07-26,27
22963,2020-08-02,44
22963,2020-08-09,53
22963,2020-08-16,27
22963,2020-08-23,35
22963,2020-08-30,41
22963,2020-09-06,43
22963,2020-09-13,33
22963,2020-09-20,48
22963,2020-09-27,30
22963,2020-10-04,42
22963,2020-10-11,27
22963,2020-10-18,51
22963,2020-10-25,29
22963,2020-11-01,39
22963,2020-11-08,19
22963,2020-11-15,41
22963,2020-11-22,26
22963,2020-11-29,52
22963,2020-12-06,39
22963,2020-12-13,41
22963,2020-12-20,52
22963,2020-12-27,23
22963,2021-01-03,39
22963,2021-01-10,40
22963,2021-01-17,46
22963,2021-01-24,40
22963,2021-01-31,16
22987,2020-06-07,52
22987,2020-06-14,38
22987,2020-06-21,27
22987,2020-06-28,51
22987,2020-07-05,53
22987,2020-07-12,35
22987,2020-07-19,25
22987,2020-07-26,49
22987,2020-08-02,34
22987,2020-08-09,27
22987,2020-08-16,28
22987,2020-08-23,40
22987,2020-08-30,35
22987,2020-09-06,25
22987,2020-09-13,18
22987,2020-09-20,29
22987,2020-09-27,35
22987,2020-10-04,29
22987,2020-10-11,30
22987,2020-10-18,30
22987,2020-10-25,28
22987,2020-11-01,26
22987,2020-11-08,17
22987,2020-11-15,33
22987,2020-11-22,35
22987,2020-11-29,29
22987,2020-12-06,41
22987,2020-12-13,45
22987,2020-12-20,37
22987,2020-12-27,20
22987,2021-01-03,34
22987,2021-01-10,41
22987,2021-01-17,35
22987,2021-01-24,42
22987,2021-01-31,30
23050,2020-06-07,102
23050,2020-06-14,83
23050,2020-06-21,88
23050,2020-06-28,94
23050,2020-07-05,196
23050,2020-07-12,198
23050,2020-07-19,167
23050,2020-07-26,110
23050,2020-08-02,163
23050,2020-08-09,204
23050,2020-08-16,191
23050,2020-08-23,162
23050,2020-08-30,237
23050,2020-09-06,157
23050,2020-09-13,207
23050,2020-09-20,233
23050,2020-09-27,167
23050,2020-10-04,237
23050,2020-10-11,161
23050,2020-10-18,218
23050,2020-10-25,173
23050,2020-11-01,229
23050,2020-11-08,171
23050,2020-11-15,279
23050,2020-11-22,184
23050,2020-11-29,295
23050,2020-12-06,276
23050,2020-12-13,317
23050,2020-12-20,364
23050,2020-12-27,160
23050,2021-01-03,261
23050,2021-01-10,217
23050,2021-01-17,233
23050,2021-01-24,245
23050,2021-01-31,94
23148,2020-06-07,44
23148,2020-06-14,33
23148,2020-06-21,28
23148,2020-06-28,44
23148,2020-07-05,41
23148,2020-07-12,46
23148,2020-07-19,18
23148,2020-07-26,34
23148,2020-08-02,35
23148,2020-08-09,42
23148,2020-08-16,35
23148,2020-08-23,43
23148,2020-08-30,45
23148,2020-09-06,20
23148,2020-09-13,37
23148,2020-09-20,34
23148,2020-09-27,41
23148,2020-10-04,40
23148,2020-10-11,49
23148,2020-10-18,40
23148,2020-10-25,45
23148,2020-11-01,35
23148,2020-11-08,28
23148,2020-11-15,43
23148,2020-11-22,30
23148,2020-11-29,47
23148,2020-12-06,45
23148,2020-12-13,47
23148,2020-12-20,52
23148,2020-12-27,22
23148,2021-01-03,34
23148,2021-01-10,37
23148,2021-01-17,44
23148,2021-01-24,49
23148,2021-01-31,17
23337,2020-06-07,36
23337,2020-06-14,21
23337,2020-06-21,20
23337,2020-06-28,29
23337,2020-07-05,44
23337,2020-07-12,32
23337,2020-07-19,32
23337,2020-07-26,24
23337,2020-08-02,34
23337,2020-08-09,31
23337,2020-08-16,38
23337,2020-08-23,18
23337,2020-08-30,36
23337,2020-09-06,29
23337,2020-09-13,26
23337,2020-09-20,35
23337,2020-09-27,49
23337,2020-10-04,56
23337,2020-10-11,33
23337,2020-10-18,40
23337,2020-10-25,42
23337,2020-11-01,48
23337,2020-11-08,37
23337,2020-11-15,44
23337,2020-11-22,46
23337,2020-11-29,57
23337,2020-12-06,44
23337,2020-12-13,31
23337,2020-12-20,65
23337,2020-12-27,35
23337,2021-01-03,29
23337,2021-01-10,50
23337,2021-01-17,43
23337,2021-01-24,53
23337,2021-01-31,29
23582,2020-06-07,124
23582,2020-06-14,40
23582,2020-06-21,68
23582,2020-06-28,77
23582,2020-07-05,75
23582,2020-07-12,81
23582,2020-07-19,67
23582,2020-07-26,51
23582,2020-08-02,102
23582,2020-08-09,89
23582,2020-08-16,111
23582,2020-08-23,110
23582,2020-08-30,102
23582,2020-09-06,55
23582,2020-09-13,102
23582,2020-09-20,94
23582,2020-09-27,140
23582,2020-10-04,132
23582,2020-10-11,98
23582,2020-10-18,103
23582,2020-10-25,136
23582,2020-11-01,113
23582,2020-11-08,75
23582,2020-11-15,97
23582,2020-11-22,75
23582,2020-11-29,123
23582,2020-12-06,119
23582,2020-12-13,130
23582,2020-12-20,103
23582,2020-12-27,63
23582,2021-01-03,132
23582,2021-01-10,159
23582,2021-01-17,155
23582,2021-01-24,158
23582,2021-01-31,56
24051,2020-06-07,62
24051,2020-06-14,40
24051,2020-06-21,43
24051,2020-06-28,55
24051,2020-07-05,59
24051,2020-07-12,73
24051,2020-07-19,42
24051,2020-07-26,40
24051,2020-08-02,45
24051,2020-08-09,52
24051,2020-08-16,39
24051,2020-08-23,57
24051,2020-08-30,57
24051,2020-09-06,44
24051,2020-09-13,56
24051,2020-09-20,69
24051,2020-09-27,54
24051,2020-10-04,60
24051,2020-10-11,54
24051,2020-10-18,66
24051,2020-10-25,63
24051,2020-11-01,47
24051,2020-11-08,60
24051,2020-11-15,57
24051,2020-11-22,44
24051,2020-11-29,46
24051,2020-12-06,112
24051,2020-12-13,74
24051,2020-12-20,79
24051,2020-12-27,31
24051,2021-01-03,65
24051,2021-01-10,70
24051,2021-01-17,59
24051,2021-01-24,59
24051,2021-01-31,26
24299,2020-06-07,22
24299,2020-06-14,22
24299,2020-06-21,19
24299,2020-06-28,16
24299,2020-07-05,41
24299,2020-07-12,28
24299,2020-07-19,26
24299,2020-07-26,19
24299,2020-08-02,23
24299,2020-08-09,24
24299,2020-08-16,30
24299,2020-08-23,26
24299,2020-08-30,41
24299,2020-09-06,28
24299,2020-09-13,30
24299,2020-09-20,33
24299,2020-09-27,53
24299,2020-10-04,46
24299,2020-10-11,52
24299,2020-10-18,54
24299,2020-10-25,67
24299,2020-11-01,52
24299,2020-11-08,40
24299,2020-11-15,88
24299,2020-11-22,77
24299,2020-11-29,83
24299,2020-12-06,94
24299,2020-12-13,79
24299,2020-12-20,53
24299,2020-12-27,50
24299,2021-01-03,50
24299,2021-01-10,49
24299,2021-01-17,53
24299,2021-01-24,49
24299,2021-01-31,40
24763,2020-06-07,140
24763,2020-06-14,95
24763,2020-06-21,122
24763,2020-06-28,132
24763,2020-07-05,165
24763,2020-07-12,141
24763,2020-07-19,117
24763,2020-07-26,93
24763,2020-08-02,91
24763,2020-08-09,123
24763,2020-08-16,99
24763,2020-08-23,110
24763,2020-08-30,125
24763,2020-09-06,83
24763,2020-09-13,62
24763,2020-09-20,80
24763,2020-09-27,74
24763,2020-10-04,100
24763,2020-10-11,71
24763,2020-10-18,105
24763,2020-10-25,106
24763,2020-11-01,78
24763,2020-11-08,54
24763,2020-11-15,113
24763,2020-11-22,90
24763,2020-11-29,94
24763,2020-12-06,95
24763,2020-12-13,103
24763,2020-12-20,102
24763,2020-12-27,45
24763,2021-01-03,90
24763,2021-01-10,91
24763,2021-01-17,141
24763,2021-01-24,114
24763,2021-01-31,61
24890,2020-06-07,28
24890,2020-06-14,20
24890,2020-06-21,25
24890,2020-06-28,28
24890,2020-07-05,27
24890,2020-07-12,31
24890,2020-07-19,24
24890,2020-07-26,18
24890,2020-08-02,25
24890,2020-08-09,33
24890,2020-08-16,25
24890,2020-08-23,33
24890,2020-08-30,28
24890,2020-09-06,34
24890,2020-09-13,31
24890,2020-09-20,47
24890,2020-09-27,37
24890,2020-10-04,48
24890,2020-10-11,35
24890,2020-10-18,45
24890,2020-10-25,25
24890,2020-11-01,21
24890,2020-11-08,29
24890,2020-11-15,40
24890,2020-11-22,36
24890,2020-11-29,42
24890,2020-12-06,40
24890,2020-12-13,42
24890,2020-12-20,46
24890,2020-12-27,16
24890,2021-01-03,31
24890,2021-01-10,41
24890,2021-01-17,25
24890,2021-01-24,30
24890,2021-01-31,18
25993,2020-06-07,26
25993,2020-06-14,26
25993,2020-06-21,28
25993,2020-06-28,21
25993,2020-07-05,34
25993,2020-07-12,41
25993,2020-07-19,31
25993,2020-07-26,28
25993,2020-08-02,31
25993,2020-08-09,54
25993,2020-08-16,56
25993,2020-08-23,37
25993,2020-08-30,44
25993,2020-09-06,38
25993,2020-09-13,51
25993,2020-09-20,49
25993,2020-09-27,54
25993,2020-10-04,36
25993,2020-10-11,51
25993,2020-10-18,46
25993,2020-10-25,51
25993,2020-11-01,56
25993,2020-11-08,35
25993,2020-11-15,61
25993,2020-11-22,43
25993,2020-11-29,71
25993,2020-12-06,72
25993,2020-12-13,81
25993,2020-12-20,86
25993,2020-12-27,42
25993,2021-01-03,56
25993,2021-01-10,120
25993,2021-01-17,111
25993,2021-01-24,121
25993,2021-01-31,50
26503,2020-06-07,128
26503,2020-06-14,73
26503,2020-06-21,78
26503,2020-06-28,107
26503,2020-07-05,146
26503,2020-07-12,129
26503,2020-07-19,122
26503,2020-07-26,98
26503,2020-08-02,108
26503,2020-08-09,139
26503,2020-08-16,107
26503,2020-08-23,138
26503,2020-08-30,132
26503,2020-09-06,117
26503,2020-09-13,85
26503,2020-09-20,122
26503,2020-09-27,77
26503,2020-10-04,124
26503,2020-10-11,107
26503,2020-10-18,125
26503,2020-10-25,108
26503,2020-11-01,75
26503,2020-11-08,60
26503,2020-11-15,117
26503,2020-11-22,71
26503,2020-11-29,120
26503,2020-12-06,89
26503,2020-12-13,111
26503,2020-12-20,95
26503,2020-12-27,62
26503,2021-01-03,107
26503,2021-01-10,127
26503,2021-01-17,105
26503,2021-01-24,92
26503,2021-01-31,56
27179,2020-06-07,57
27179,2020-06-14,35
27179,2020-06-21,58
27179,2020-06-28,80
27179,2020-07-05,49
27179,2020-07-12,57
27179,2020-07-19,56
27179,2020-07-26,43
27179,2020-08-02,44
27179,2020-08-09,45
27179,2020-08-16,48
27179,2020-08-23,39
27179,2020-08-30,49
27179,2020-09-06,57
27179,2020-09-13,52
27179,2020-09-20,35
27179,2020-09-27,38
27179,2020-10-04,68
27179,2020-10-11,45
27179,2020-10-18,55
27179,2020-10-25,57
27179,2020-11-01,39
27179,2020-11-08,36
27179,2020-11-15,59
27179,2020-11-22,47
27179,2020-11-29,55
27179,2020-12-06,77
27179,2020-12-13,59
27179,2020-12-20,45
27179,2020-12-27,19
27179,2021-01-03,49
27179,2021-01-10,71
27179,2021-01-17,45
27179,2021-01-24,45
27179,2021-01-31,30
28137,2020-06-07,41
28137,2020-06-14,54
28137,2020-06-21,82
28137,2020-06-28,42
28137,2020-07-05,64
28137,2020-07-12,41
28137,2020-07-19,41
28137,2020-07-26,20
28137,2020-08-02,96
28137,2020-08-09,35
28137,2020-08-16,38
28137,2020-08-23,65
28137,2020-08-30,30
28137,2020-09-06,41
28137,2020-09-13,41
28137,2020-09-20,24
28137,2020-09-27,32
28137,2020-10-04,50
28137,2020-10-11,57
28137,2020-10-18,89
28137,2020-10-25,92
28137,2020-11-01,47
28137,2020-11-08,35
28137,2020-11-15,43
28137,2020-11-22,20
28137,2020-11-29,54
28137,2020-12-06,126
28137,2020-12-13,25
28137,2020-12-20,72
28137,2020-12-27,24
28137,2021-01-03,78
28137,2021-01-10,50
28137,2021-01-17,62
28137,2021-01-24,51
28137,2021-01-31,66
28140,2020-06-07,31
28140,2020-06-14,18
28140,2020-06-21,27
28140,2020-06-28,18
28140,2020-07-05,22
28140,2020-07-12,31
28140,2020-07-19,19
28140,2020-07-26,32
28140,2020-08-02,21
28140,2020-08-09,28
28140,2020-08-16,28
28140,2020-08-23,18
28140,2020-08-30,25
28140,2020-09-06,26
28140,2020-09-13,33
28140,2020-09-20,23
28140,2020-09-27,29
28140,2020-10-04,26
28140,2020-10-11,30
28140,2020-10-18,32
28140,2020-10-25,38
28140,2020-11-01,27
28140,2020-11-08,19
28140,2020-11-15,31
28140,2020-11-22,38
28140,2020-11-29,50
28140,2020-12-06,59
28140,2020-12-13,40
28140,2020-12-20,53
28140,2020-12-27,24
28140,2021-01-03,28
28140,2021-01-10,55
28140,2021-01-17,43
28140,2021-01-24,41
28140,2021-01-31,19
28522,2020-06-07,42
28522,2020-06-14,34
28522,2020-06-21,38
28522,2020-06-28,21
28522,2020-07-05,27
28522,2020-07-12,36
28522,2020-07-19,19
28522,2020-07-26,24
28522,2020-08-02,35
28522,2020-08-09,41
28522,2020-08-16,40
28522,2020-08-23,25
28522,2020-08-30,38
28522,2020-09-06,28
28522,2020-09-13,29
28522,2020-09-20,37
28522,2020-09-27,35
28522,2020-10-04,43
28522,2020-10-11,27
28522,2020-10-18,29
28522,2020-10-25,29
28522,2020-11-01,32
28522,2020-11-08,18
28522,2020-11-15,32
28522,2020-11-22,28
28522,2020-11-29,45
28522,2020-12-06,38
28522,2020-12-13,56
28522,2020-12-20,58
28522,2020-12-27,34
28522,2021-01-03,50
28522,2021-01-10,72
28522,2021-01-17,59
28522,2021-01-24,76
28522,2021-01-31,24
28715,2020-06-07,25
28715,2020-06-14,18
28715,2020-06-21,26
28715,2020-06-28,24
28715,2020-07-05,28
28715,2020-07-12,34
28715,2020-07-19,22
28715,2020-07-26,29
28715,2020-08-02,23
28715,2020-08-09,20
28715,2020-08-16,22
28715,2020-08-23,36
28715,2020-08-30,27
28715,2020-09-06,31
28715,2020-09-13,32
28715,2020-09-20,42
28715,2020-09-27,89
28715,2020-10-04,48
28715,2020-10-11,56
28715,2020-10-18,68
28715,2020-10-25,61
28715,2020-11-01,57
28715,2020-11-08,25
28715,2020-11-15,62
28715,2020-11-22,39
28715,2020-11-29,71
28715,2020-12-06,64
28715,2020-12-13,33
28715,2020-12-20,32
28715,2020-12-27,24
28715,2021-01-03,46
28715,2021-01-10,58
28715,2021-01-17,84
28715,2021-01-24,73
28715,2021-01-31,40
29151,2020-06-07,55
29151,2020-06-14,30
29151,2020-06-21,41
29151,2020-06-28,35
29151,2020-07-05,50
29151,2020-07-12,35
29151,2020-07-19,38
29151,2020-07-26,36
29151,2020-08-02,30
29151,2020-08-09,34
29151,2020-08-16,51
29151,2020-08-23,41
29151,2020-08-30,36
29151,2020-09-06,31
29151,2020-09-13,41
29151,2020-09-20,34
29151,2020-09-27,48
29151,2020-10-04,40
29151,2020-10-11,44
29151,2020-10-18,27
29151,2020-10-25,29
29151,2020-11-01,23
29151,2020-11-08,19
29151,2020-11-15,46
29151,2020-11-22,32
29151,2020-11-29,38
29151,2020-12-06,50
29151,2020-12-13,48
29151,2020-12-20,57
29151,2020-12-27,25
29151,2021-01-03,45
29151,2021-01-10,112
29151,2021-01-17,104
29151,2021-01-24,46
29151,2021-01-31,18
29657,2020-06-07,841
29657,2020-06-14,503
29657,2020-06-21,725
29657,2020-06-28,739
29657,2020-07-05,707
29657,2020-07-12,875
29657,2020-07-19,630
29657,2020-07-26,597
29657,2020-08-02,607
29657,2020-08-09,749
29657,2020-08-16,712
29657,2020-08-23,672
29657,2020-08-30,727
29657,2020-09-06,846
29657,2020-09-13,845
29657,2020-09-20,842
29657,2020-09-27,812
29657,2020-10-04,919
29657,2020-10-11,803
29657,2020-10-18,804
29657,2020-10-25,887
29657,2020-11-01,818
29657,2020-11-08,630
29657,2020-11-15,1208
29657,2020-11-22,937
29657,2020-11-29,1130
29657,2020-12-06,992
29657,2020-12-13,1096
29657,2020-12-20,1039
29657,2020-12-27,501
29657,2021-01-03,902
29657,2021-01-10,903
29657,2021-01-17,837
29657,2021-01-24,1157
29657,2021-01-31,542
30511,2020-06-07,85
30511,2020-06-14,55
30511,2020-06-21,80
30511,2020-06-28,47
30511,2020-07-05,60
30511,2020-07-12,52
30511,2020-07-19,55
30511,2020-07-26,45
30511,2020-08-02,38
30511,2020-08-09,52
30511,2020-08-16,31
30511,2020-08-23,27
30511,2020-08-30,50
30511,2020-09-06,40
30511,2020-09-13,56
30511,2020-09-20,78
30511,2020-09-27,57
30511,2020-10-04,68
30511,2020-10-11,50
30511,2020-10-18,44
30511,2020-10-25,44
30511,2020-11-01,48
30511,2020-11-08,29
30511,2020-11-15,44
30511,2020-11-22,40
30511,2020-11-29,63
30511,2020-12-06,47
30511,2020-12-13,46
30511,2020-12-20,47
30511,2020-12-27,23
30511,2021-01-03,48
30511,2021-01-10,63
30511,2021-01-17,81
30511,2021-01-24,67
30511,2021-01-31,27
30712,2020-06-07,75
30712,2020-06-14,31
30712,2020-06-21,62
30712,2020-06-28,50
30712,2020-07-05,76
30712,2020-07-12,65
30712,2020-07-19,56
30712,2020-07-26,56
30712,2020-08-02,44
30712,2020-08-09,47
30712,2020-08-16,53
30712,2020-08-23,67
30712,2020-08-30,56
30712,2020-09-06,62
30712,2020-09-13,62
30712,2020-09-20,46
30712,2020-09-27,41
30712,2020-10-04,78
30712,2020-10-11,45
30712,2020-10-18,39
30712,2020-10-25,39
30712,2020-11-01,35
30712,2020-11-08,32
30712,2020-11-15,64
30712,2020-11-22,49
30712,2020-11-29,48
30712,2020-12-06,61
30712,2020-12-13,43
30712,2020-12-20,47
30712,2020-12-27,24
30712,2021-01-03,47
30712,2021-01-10,35
30712,2021-01-17,61
30712,2021-01-24,64
30712,2021-01-31,39
31073,2020-06-07,46
31073,2020-06-14,39
31073,2020-06-21,40
31073,2020-06-28,34
31073,2020-07-05,48
31073,2020-07-12,46
31073,2020-07-19,35
31073,2020-07-26,51
31073,2020-08-02,37
31073,2020-08-09,49
31073,2020-08-16,35
31073,2020-08-23,32
31073,2020-08-30,33
31073,2020-09-06,27
31073,2020-09-13,43
31073,2020-09-20,42
31073,2020-09-27,46
31073,2020-10-04,45
31073,2020-10-11,46
31073,2020-10-18,46
31073,2020-10-25,40
31073,2020-11-01,43
31073,2020-11-08,26
31073,2020-11-15,37
31073,2020-11-22,53
31073,2020-11-29,49
31073,2020-12-06,46
31073,2020-12-13,40
31073,2020-12-20,45
31073,2020-12-27,33
31073,2021-01-03,40
31073,2021-01-10,40
31073,2021-01-17,35
31073,2021-01-24,65
31073,2021-01-31,30
31265,2020-06-07,45
31265,2020-06-14,32
31265,2020-06-21,30
31265,2020-06-28,41
31265,2020-07-05,81
31265,2020-07-12,45
31265,2020-07-19,54
31265,2020-07-26,43
31265,2020-08-02,62
31265,2020-08-09,44
31265,2020-08-16,37
31265,2020-08-23,31
31265,2020-08-30,59
31265,2020-09-06,31
31265,2020-09-13,42
31265,2020-09-20,30
31265,2020-09-27,53
31265,2020-10-04,45
31265,2020-10-11,20
31265,2020-10-18,51
31265,2020-10-25,44
31265,2020-11-01,49
31265,2020-11-08,33
31265,2020-11-15,41
31265,2020-11-22,23
31265,2020-11-29,42
31265,2020-12-06,43
31265,2020-12-13,45
31265,2020-12-20,47
31265,2020-12-27,36
31265,2021-01-03,36
31265,2021-01-10,57
31265,2021-01-17,69
31265,2021-01-24,60
31265,2021-01-31,25
31683,2020-06-07,37
31683,2020-06-14,18
31683,2020-06-21,19
31683,2020-06-28,24
31683,2020-07-05,28
31683,2020-07-12,29
31683,2020-07-19,33
31683,2020-07-26,29
31683,2020-08-02,29
31683,2020-08-09,36
31683,2020-08-16,39
31683,2020-08-23,38
31683,2020-08-30,53
31683,2020-09-06,41
31683,2020-09-13,49
31683,2020-09-20,58
31683,2020-09-27,41
31683,2020-10-04,48
31683,2020-10-11,39
31683,2020-10-18,47
31683,2020-10-25,62
31683,2020-11-01,44
31683,2020-11-08,47
31683,2020-11-15,89
31683,2020-11-22,62
31683,2020-11-29,88
31683,2020-12-06,85
31683,2020-12-13,76
31683,2020-12-20,65
31683,2020-12-27,31
31683,2021-01-03,48
31683,2021-01-10,90
31683,2021-01-17,80
31683,2021-01-24,73
31683,2021-01-31,32
31702,2020-06-07,106
31702,2020-06-14,74
31702,2020-06-21,60
31702,2020-06-28,100
31702,2020-07-05,93
31702,2020-07-12,90
31702,2020-07-19,76
31702,2020-07-26,61
31702,2020-08-02,98
31702,2020-08-09,80
31702,2020-08-16,87
31702,2020-08-23,98
31702,2020-08-30,88
31702,2020-09-06,74
31702,2020-09-13,101
31702,2020-09-20,118
31702,2020-09-27,71
31702,2020-10-04,132
31702,2020-10-11,99
31702,2020-10-18,95
31702,2020-10-25,87
31702,2020-11-01,76
31702,2020-11-08,85
31702,2020-11-15,105
31702,2020-11-22,80
31702,2020-11-29,141
31702,2020-12-06,130
31702,2020-12-13,138
31702,2020-12-20,55
31702,2020-12-27,29
31702,2021-01-03,64
31702,2021-01-10,116
31702,2021-01-17,119
31702,2021-01-24,78
31702,2021-01-31,61
31812,2020-06-07,81
31812,2020-06-14,44
31812,2020-06-21,44
31812,2020-06-28,79
31812,2020-07-05,74
31812,2020-07-12,79
31812,2020-07-19,91
31812,2020-07-26,83
31812,2020-08-02,67
31812,2020-08-09,84
31812,2020-08-16,101
31812,2020-08-23,84
31812,2020-08-30,80
31812,2020-09-06,70
31812,2020-09-13,90
31812,2020-09-20,45
31812,2020-09-27,54
31812,2020-10-04,60
31812,2020-10-11,68
31812,2020-10-18,39
31812,2020-10-25,65
31812,2020-11-01,47
31812,2020-11-08,45
31812,2020-11-15,62
31812,2020-11-22,44
31812,2020-11-29,53
31812,2020-12-06,81
31812,2020-12-13,71
31812,2020-12-20,64
31812,2020-12-27,26
31812,2021-01-03,38
31812,2021-01-10,81
31812,2021-01-17,38
31812,2021-01-24,79
31812,2021-01-31,17
31849,2020-06-07,31
31849,2020-06-14,16
31849,2020-06-21,35
31849,2020-06-28,27
31849,2020-07-05,28
31849,2020-07-12,42
31849,2020-07-19,26
31849,2020-07-26,23
31849,2020-08-02,34
31849,2020-08-09,58
31849,2020-08-16,52
31849,2020-08-23,56
31849,2020-08-30,71
31849,2020-09-06,30
31849,2020-09-13,42
31849,2020-09-20,57
31849,2020-09-27,65
31849,2020-10-04,62
31849,2020-10-11,26
31849,2020-10-18,48
31849,2020-10-25,51
31849,2020-11-01,64
31849,2020-11-08,48
31849,2020-11-15,72
31849,2020-11-22,46
31849,2020-11-29,74
31849,2020-12-06,70
31849,2020-12-13,63
31849,2020-12-20,69
31849,2020-12-27,65
31849,2021-01-03,68
31849,2021-01-10,96
31849,2021-01-17,65
31849,2021-01-24,64
31849,2021-01-31,41
